id,name,ability,ability_1,ability_2,type_1,type_2,hp,attack,defense,special_attack,special_defense,speed,total,generation
1,bulbasaur,overgrow,chlorophyll,,grass,poison,45,49,49,65,65,45,318,1
2,ivysaur,overgrow,chlorophyll,,grass,poison,60,62,63,80,80,60,405,1
3,venusaur,overgrow,chlorophyll,,grass,poison,80,82,83,100,100,80,525,1
4,charmander,blaze,solarpower,,fire,,39,52,43,60,50,65,309,1
5,charmeleon,blaze,solarpower,,fire,,58,64,58,80,65,80,405,1
6,charizard,blaze,solarpower,,fire,flying,78,84,78,109,85,100,534,1
7,squirtle,torrent,raindish,,water,,44,48,65,50,64,43,314,1
8,wartortle,torrent,raindish,,water,,59,63,80,65,80,58,405,1
9,blastoise,torrent,raindish,,water,,79,83,100,85,105,78,530,1
10,caterpie,shielddust,runaway,,bug,,45,30,35,20,20,45,195,1
11,metapod,shedskin,,,bug,,50,20,55,25,25,30,205,1
12,butterfree,compoundeyes,tintedlens,,bug,flying,60,45,50,90,80,70,395,1
13,weedle,shielddust,runaway,,bug,poison,40,35,30,20,20,50,195,1
14,kakuna,shedskin,,,bug,poison,45,25,50,25,25,35,205,1
15,beedrill,swarm,sniper,,bug,poison,65,90,40,45,80,75,395,1
16,pidgey,keeneye,tangledfeet,bigpecks,normal,flying,40,45,40,35,35,56,251,1
17,pidgeotto,keeneye,tangledfeet,bigpecks,normal,flying,63,60,55,50,50,71,349,1
18,pidgeot,keeneye,tangledfeet,bigpecks,normal,flying,83,80,75,70,70,101,479,1
19,rattata,runaway,guts,hustle,normal,,30,56,35,25,35,72,253,1
20,raticate,runaway,guts,hustle,normal,,55,81,60,50,70,97,413,1
21,spearow,keeneye,sniper,,normal,flying,40,60,30,31,31,70,262,1
22,fearow,keeneye,sniper,,normal,flying,65,90,65,61,61,100,442,1
23,ekans,intimidate,shedskin,unnerve,poison,,35,60,44,40,54,55,288,1
24,arbok,intimidate,shedskin,unnerve,poison,,60,95,69,65,79,80,448,1
25,pikachu,static,lightningrod,,electric,,35,55,40,50,50,90,320,1
26,raichu,static,lightningrod,,electric,,60,90,55,90,80,110,485,1
27,sandshrew,sandveil,sandrush,,ground,,50,75,85,20,30,40,300,1
28,sandslash,sandveil,sandrush,,ground,,75,100,110,45,55,65,450,1
29,nidoran-f,poisonpoint,rivalry,hustle,poison,,55,47,52,40,40,41,275,1
30,nidorina,poisonpoint,rivalry,hustle,poison,,70,62,67,55,55,56,365,1
31,nidoqueen,poisonpoint,rivalry,sheerforce,poison,ground,90,92,87,75,85,76,505,1
32,nidoran-m,poisonpoint,rivalry,hustle,poison,,46,57,40,40,40,50,273,1
33,nidorino,poisonpoint,rivalry,hustle,poison,,61,72,57,55,55,65,365,1
34,nidoking,poisonpoint,rivalry,sheerforce,poison,ground,81,102,77,85,75,85,505,1
35,clefairy,cutecharm,magicguard,friendguard,fairy,,70,45,48,60,65,35,323,1
36,clefable,cutecharm,magicguard,unaware,fairy,,95,70,73,95,90,60,483,1
37,vulpix,flashfire,drought,,fire,,38,41,40,50,65,65,299,1
38,ninetales,flashfire,drought,,fire,,73,76,75,81,100,100,505,1
39,jigglypuff,cutecharm,competitive,friendguard,normal,fairy,115,45,20,45,25,20,270,1
40,wigglytuff,cutecharm,competitive,frisk,normal,fairy,140,70,45,85,50,45,435,1
41,zubat,innerfocus,infiltrator,,poison,flying,40,45,35,30,40,55,245,1
42,golbat,innerfocus,infiltrator,,poison,flying,75,80,70,65,75,90,455,1
43,oddish,chlorophyll,runaway,,grass,poison,45,50,55,75,65,30,320,1
44,gloom,chlorophyll,stench,,grass,poison,60,65,70,85,75,40,395,1
45,vileplume,chlorophyll,effectspore,,grass,poison,75,80,85,110,90,50,490,1
46,paras,effectspore,dryskin,damp,bug,grass,35,70,55,45,55,25,285,1
47,parasect,effectspore,dryskin,damp,bug,grass,60,95,80,60,80,30,405,1
48,venonat,compoundeyes,tintedlens,runaway,bug,poison,60,55,50,40,55,45,305,1
49,venomoth,shielddust,tintedlens,wonderskin,bug,poison,70,65,60,90,75,90,450,1
50,diglett,sandveil,arenatrap,sandforce,ground,,10,55,25,35,45,95,265,1
51,dugtrio,sandveil,arenatrap,sandforce,ground,,35,100,50,50,70,120,425,1
52,meowth,pickup,technician,unnerve,normal,,40,45,35,40,40,90,290,1
53,persian,limber,technician,unnerve,normal,,65,70,60,65,65,115,440,1
54,psyduck,damp,cloudnine,swiftswim,water,,50,52,48,65,50,55,320,1
55,golduck,damp,cloudnine,swiftswim,water,,80,82,78,95,80,85,500,1
56,mankey,vitalspirit,angerpoint,defiant,fighting,,40,80,35,35,45,70,305,1
57,primeape,vitalspirit,angerpoint,defiant,fighting,,65,105,60,60,70,95,455,1
58,growlithe,intimidate,flashfire,justified,fire,,55,70,45,70,50,60,350,1
59,arcanine,intimidate,flashfire,justified,fire,,90,110,80,100,80,95,555,1
60,poliwag,waterabsorb,damp,swiftswim,water,,40,50,40,40,40,90,300,1
61,poliwhirl,waterabsorb,damp,swiftswim,water,,65,65,65,50,50,90,385,1
62,poliwrath,waterabsorb,damp,swiftswim,water,fighting,90,95,95,70,90,70,510,1
63,abra,synchronize,innerfocus,magicguard,psychic,,25,20,15,105,55,90,310,1
64,kadabra,synchronize,innerfocus,magicguard,psychic,,40,35,30,120,70,105,400,1
65,alakazam,synchronize,innerfocus,magicguard,psychic,,55,50,45,135,95,120,500,1
66,machop,guts,noguard,steadfast,fighting,,70,80,50,35,35,35,305,1
67,machoke,guts,noguard,steadfast,fighting,,80,100,70,50,60,45,405,1
68,machamp,guts,noguard,steadfast,fighting,,90,130,80,65,85,55,505,1
69,bellsprout,chlorophyll,gluttony,,grass,poison,50,75,35,70,30,40,300,1
70,weepinbell,chlorophyll,gluttony,,grass,poison,65,90,50,85,45,55,390,1
71,victreebel,chlorophyll,gluttony,,grass,poison,80,105,65,100,70,70,490,1
72,tentacool,clearbody,liquidooze,raindish,water,poison,40,40,35,50,100,70,335,1
73,tentacruel,clearbody,liquidooze,raindish,water,poison,80,70,65,80,120,100,515,1
74,geodude,rockhead,sturdy,sandveil,rock,ground,40,80,100,30,30,20,300,1
75,graveler,rockhead,sturdy,sandveil,rock,ground,55,95,115,45,45,35,390,1
76,golem,rockhead,sturdy,sandveil,rock,ground,80,120,130,55,65,45,495,1
77,ponyta,runaway,flashfire,flamebody,fire,,50,85,55,65,65,90,410,1
78,rapidash,runaway,flashfire,flamebody,fire,,65,100,70,80,80,105,500,1
79,slowpoke,oblivious,owntempo,regenerator,water,psychic,90,65,65,40,40,15,315,1
80,slowbro,oblivious,owntempo,regenerator,water,psychic,95,75,110,100,80,30,490,1
81,magnemite,magnetpull,sturdy,analytic,electric,steel,25,35,70,95,55,45,325,1
82,magneton,magnetpull,sturdy,analytic,electric,steel,50,60,95,120,70,70,465,1
83,farfetchd,keeneye,innerfocus,defiant,normal,flying,52,90,55,58,62,60,377,1
84,doduo,runaway,earlybird,tangledfeet,normal,flying,35,85,45,35,35,75,310,1
85,dodrio,runaway,earlybird,tangledfeet,normal,flying,60,110,70,60,60,110,470,1
86,seel,thickfat,hydration,icebody,water,,65,45,55,45,70,45,325,1
87,dewgong,thickfat,hydration,icebody,water,ice,90,70,80,70,95,70,475,1
88,grimer,stench,stickyhold,poisontouch,poison,,80,80,50,40,50,25,325,1
89,muk,stench,stickyhold,poisontouch,poison,,105,105,75,65,100,50,500,1
90,shellder,shellarmor,skilllink,overcoat,water,,30,65,100,45,25,40,305,1
91,cloyster,shellarmor,skilllink,overcoat,water,ice,50,95,180,85,45,70,525,1
92,gastly,levitate,,,ghost,poison,30,35,30,100,35,80,310,1
93,haunter,levitate,,,ghost,poison,45,50,45,115,55,95,405,1
94,gengar,cursedbody,,,ghost,poison,60,65,60,130,75,110,500,1
95,onix,rockhead,sturdy,weakarmor,rock,ground,35,45,160,30,45,70,385,1
96,drowzee,insomnia,forewarn,innerfocus,psychic,,60,48,45,43,90,42,328,1
97,hypno,insomnia,forewarn,innerfocus,psychic,,85,73,70,73,115,67,483,1
98,krabby,hypercutter,shellarmor,sheerforce,water,,30,105,90,25,25,50,325,1
99,kingler,hypercutter,shellarmor,sheerforce,water,,55,130,115,50,50,75,475,1
100,voltorb,soundproof,static,aftermath,electric,,40,30,50,55,55,100,330,1
101,electrode,soundproof,static,aftermath,electric,,60,50,70,80,80,150,490,1
102,exeggcute,chlorophyll,harvest,,grass,psychic,60,40,80,60,45,40,325,1
103,exeggutor,chlorophyll,harvest,,grass,psychic,95,95,85,125,75,55,530,1
104,cubone,rockhead,lightningrod,battlearmor,ground,,50,50,95,40,50,35,320,1
105,marowak,rockhead,lightningrod,battlearmor,ground,,60,80,110,50,80,45,425,1
106,hitmonlee,limber,reckless,unburden,fighting,,50,120,53,35,110,87,455,1
107,hitmonchan,keeneye,ironfist,innerfocus,fighting,,50,105,79,35,110,76,455,1
108,lickitung,owntempo,oblivious,cloudnine,normal,,90,55,75,60,75,30,385,1
109,koffing,levitate,,,poison,,40,65,95,60,45,35,340,1
110,weezing,levitate,,,poison,,65,90,120,85,70,60,490,1
111,rhyhorn,lightningrod,rockhead,reckless,ground,rock,80,85,95,30,30,25,345,1
112,rhydon,lightningrod,rockhead,reckless,ground,rock,105,130,120,45,45,40,485,1
113,chansey,naturalcure,serenegrace,healer,normal,,250,5,5,35,105,50,450,1
114,tangela,chlorophyll,leafguard,regenerator,grass,,65,55,115,100,40,60,435,1
115,kangaskhan,earlybird,scrappy,innerfocus,normal,,105,95,80,40,80,90,490,1
116,horsea,swiftswim,sniper,damp,water,,30,40,70,70,25,60,295,1
117,seadra,poisonpoint,sniper,damp,water,,55,65,95,95,45,85,440,1
118,goldeen,swiftswim,waterveil,lightningrod,water,,45,67,60,35,50,63,320,1
119,seaking,swiftswim,waterveil,lightningrod,water,,80,92,65,65,80,68,450,1
120,staryu,illuminate,naturalcure,analytic,water,,30,45,55,70,55,85,340,1
121,starmie,illuminate,naturalcure,analytic,water,psychic,60,75,85,100,85,115,520,1
122,mr-mime,soundproof,filter,technician,psychic,fairy,40,45,65,100,120,90,460,1
123,scyther,swarm,technician,steadfast,bug,flying,70,110,80,55,80,105,500,1
124,jynx,oblivious,forewarn,dryskin,ice,psychic,65,50,35,115,95,95,455,1
125,electabuzz,static,vitalspirit,,electric,,65,83,57,95,85,105,490,1
126,magmar,flamebody,vitalspirit,,fire,,65,95,57,100,85,93,495,1
127,pinsir,hypercutter,moldbreaker,moxie,bug,,65,125,100,55,70,85,500,1
128,tauros,intimidate,angerpoint,sheerforce,normal,,75,100,95,40,70,110,490,1
129,magikarp,swiftswim,rattled,,water,,20,10,55,15,20,80,200,1
130,gyarados,intimidate,moxie,,water,flying,95,125,79,60,100,81,540,1
131,lapras,waterabsorb,shellarmor,hydration,water,ice,130,85,80,85,95,60,535,1
132,ditto,limber,imposter,,normal,,48,48,48,48,48,48,288,1
133,eevee,runaway,adapt,anticipation,normal,,55,55,50,45,65,55,325,1
134,vaporeon,waterabsorb,hydration,,water,,130,65,60,110,95,65,525,1
135,jolteon,voltabsorb,quickfeet,,electric,,65,65,60,110,95,130,525,1
136,flareon,flashfire,guts,,fire,,65,130,60,95,110,65,525,1
137,porygon,trace,download,analytic,normal,,65,60,70,85,75,40,395,1
138,omanyte,swiftswim,shellarmor,weakarmor,rock,water,35,40,100,90,55,35,355,1
139,omastar,swiftswim,shellarmor,weakarmor,rock,water,70,60,125,115,70,55,495,1
140,kabuto,swiftswim,battlearmor,weakarmor,rock,water,30,80,90,55,45,55,355,1
141,kabutops,swiftswim,battlearmor,weakarmor,rock,water,60,115,105,65,70,80,495,1
142,aerodactyl,rockhead,pressure,unnerve,rock,flying,80,105,65,60,75,130,515,1
143,snorlax,immunity,thickfat,gluttony,normal,,160,110,65,65,110,30,540,1
144,articuno,pressure,snowcloak,,ice,flying,90,85,100,95,125,85,580,1
145,zapdos,pressure,static,,electric,flying,90,90,85,125,90,100,580,1
146,moltres,pressure,flamebody,,fire,flying,90,100,90,125,85,90,580,1
147,dratini,shedskin,marvelscale,,dragon,,41,64,45,50,50,50,300,1
148,dragonair,shedskin,marvelscale,,dragon,,61,84,65,70,70,70,420,1
149,dragonite,innerfocus,multiscale,,dragon,flying,91,134,95,100,100,80,600,1
150,mewtwo,pressure,unnerve,,psychic,,106,110,90,154,90,130,680,1
151,mew,synchronize,,,psychic,,100,100,100,100,100,100,600,2
152,chikorita,overgrow,leafguard,,grass,,45,49,65,49,65,45,318,2
153,bayleef,overgrow,leafguard,,grass,,60,62,80,63,80,60,405,2
154,meganium,overgrow,leafguard,,grass,,80,82,100,83,100,80,525,2
155,cyndaquil,blaze,flashfire,,fire,,39,52,43,60,50,65,309,2
156,quilava,blaze,flashfire,,fire,,58,64,58,80,65,80,405,2
157,typhlosion,blaze,flashfire,,fire,,78,84,78,109,85,100,534,2
158,totodile,torrent,sheerforce,,water,,50,65,64,44,48,43,314,2
159,croconaw,torrent,sheerforce,,water,,65,80,80,59,63,58,405,2
160,feraligatr,torrent,sheerforce,,water,,85,105,100,79,83,78,530,2
161,sentret,runaway,keeneye,frisk,normal,,35,46,34,35,45,20,215,2
162,furret,runaway,keeneye,frisk,normal,,85,76,64,45,55,90,415,2
163,hoothoot,insomnia,keeneye,tintedlens,normal,flying,60,30,30,36,56,50,262,2
164,noctowl,insomnia,keeneye,tintedlens,normal,flying,100,50,50,86,96,70,452,2
165,ledyba,swarm,earlybird,rattled,bug,flying,40,20,30,40,80,55,265,2
166,ledian,swarm,earlybird,ironfist,bug,flying,55,35,50,55,110,85,390,2
167,spinarak,swarm,insomnia,sniper,bug,poison,40,60,40,40,40,30,250,2
168,ariados,swarm,insomnia,sniper,bug,poison,70,90,70,60,70,40,400,2
169,crobat,innerfocus,infiltrator,,poison,flying,85,90,80,70,80,130,535,2
170,chinchou,voltabsorb,illuminate,waterabsorb,water,electric,75,38,38,56,56,67,330,2
171,lanturn,voltabsorb,illuminate,waterabsorb,water,electric,125,58,58,76,76,67,460,2
172,pichu,static,lightningrod,,electric,,20,40,15,35,35,60,205,2
173,cleffa,cutecharm,magicguard,friendguard,fairy,,50,25,28,45,55,15,218,2
174,igglybuff,cutecharm,competitive,friendguard,normal,fairy,90,30,15,40,20,15,210,2
175,togepi,hustle,serenegrace,superluck,fairy,,35,20,65,40,65,20,245,2
176,togetic,hustle,serenegrace,superluck,fairy,flying,55,40,85,80,105,40,405,2
177,natu,synchronize,earlybird,magicbounce,psychic,flying,40,50,45,70,45,70,320,2
178,xatu,synchronize,earlybird,magicbounce,psychic,flying,65,75,70,95,70,95,470,2
179,mareep,static,plus,,electric,,55,40,40,65,45,35,280,2
180,flaaffy,static,plus,,electric,,70,55,55,80,60,45,365,2
181,ampharos,static,plus,,electric,,90,75,85,115,90,55,510,2
182,bellossom,chlorophyll,healer,,grass,,75,80,95,90,100,50,490,2
183,marill,thickfat,hugepower,sapsipper,water,fairy,70,20,50,20,50,40,250,2
184,azumarill,thickfat,hugepower,sapsipper,water,fairy,100,50,80,60,80,50,420,2
185,sudowoodo,sturdy,rockhead,rattled,rock,,70,100,115,30,65,30,410,2
186,politoed,waterabsorb,damp,drizzle,water,,90,75,75,90,100,70,500,2
187,hoppip,chlorophyll,leafguard,infiltrator,grass,flying,35,35,40,35,55,50,250,2
188,skiploom,chlorophyll,leafguard,infiltrator,grass,flying,55,45,50,45,65,80,340,2
189,jumpluff,chlorophyll,leafguard,infiltrator,grass,flying,75,55,70,55,95,110,460,2
190,aipom,runaway,pickup,skilllink,normal,,55,70,55,40,55,85,360,2
191,sunkern,chlorophyll,solarpower,earlybird,grass,,30,30,30,30,30,30,180,2
192,sunflora,chlorophyll,solarpower,earlybird,grass,,75,75,55,105,85,30,425,2
193,yanma,speedboost,compoundeyes,frisk,bug,flying,65,65,45,75,45,95,390,2
194,wooper,damp,waterabsorb,unaware,water,ground,55,45,45,25,25,15,210,2
195,quagsire,damp,waterabsorb,unaware,water,ground,95,85,85,65,65,35,430,2
196,espeon,synchronize,magicbounce,,psychic,,65,65,60,130,95,110,525,2
197,umbreon,synchronize,innerfocus,,dark,,95,65,110,60,130,65,525,2
198,murkrow,insomnia,superluck,prankster,dark,flying,60,85,42,85,42,91,405,2
199,slowking,oblivious,owntempo,regenerator,water,psychic,95,75,80,100,110,30,490,2
200,misdreavus,levitate,,,ghost,,60,60,60,85,85,85,435,2
201,unown,levitate,,,psychic,,48,72,48,72,48,48,336,2
202,wobbuffet,shadowtag,telepathy,,psychic,,190,33,58,33,58,33,405,2
203,girafarig,innerfocus,earlybird,sapsipper,normal,psychic,70,80,65,90,65,85,455,2
204,pineco,sturdy,overcoat,,bug,,50,65,90,35,35,15,290,2
205,forretress,sturdy,overcoat,,bug,steel,75,90,140,60,60,40,465,2
206,dunsparce,serenegrace,runaway,rattled,normal,,100,70,70,65,65,45,415,2
207,gligar,hypercutter,sandveil,immunity,ground,flying,65,75,105,35,65,85,430,2
208,steelix,rockhead,sturdy,sheerforce,steel,ground,75,85,200,55,65,30,510,2
209,snubbull,intimidate,runaway,rattled,fairy,,60,80,50,40,40,30,300,2
210,granbull,intimidate,quickfeet,rattled,fairy,,90,120,75,60,60,45,450,2
211,qwilfish,poisonpoint,swiftswim,intimidate,water,poison,65,95,85,55,55,85,440,2
212,scizor,swarm,technician,lightmetal,bug,steel,70,130,100,55,80,65,500,2
213,shuckle,sturdy,gluttony,contrary,bug,rock,20,10,230,10,230,5,505,2
214,heracross,swarm,guts,moxie,bug,fighting,80,125,75,40,95,85,500,2
215,sneasel,innerfocus,keeneye,pickpocket,dark,ice,55,95,55,35,75,115,430,2
216,teddiursa,pickup,quickfeet,honeygather,normal,,60,80,50,50,50,40,330,2
217,ursaring,guts,quickfeet,unnerve,normal,,90,130,75,75,75,55,500,2
218,slugma,magmaarmor,flamebody,weakarmor,fire,,40,40,40,70,40,20,250,2
219,magcargo,magmaarmor,flamebody,weakarmor,fire,rock,60,50,120,90,80,30,430,2
220,swinub,oblivious,snowcloak,thickfat,ice,ground,50,50,40,30,30,50,250,2
221,piloswine,oblivious,snowcloak,thickfat,ice,ground,100,100,80,60,60,50,450,2
222,corsola,hustle,naturalcure,regenerator,water,rock,65,55,95,65,95,35,410,2
223,remoraid,hustle,sniper,moody,water,,35,65,35,65,35,65,300,2
224,octillery,suctioncups,sniper,moody,water,,75,105,75,105,75,45,480,2
225,delibird,vitalspirit,hustle,insomnia,ice,flying,45,55,45,65,45,75,330,2
226,mantine,swiftswim,waterabsorb,waterveil,water,flying,85,40,70,80,140,70,485,2
227,skarmory,keeneye,sturdy,weakarmor,steel,flying,65,80,140,40,70,70,465,2
228,houndour,earlybird,flashfire,unnerve,dark,fire,45,60,30,80,50,65,330,2
229,houndoom,earlybird,flashfire,unnerve,dark,fire,75,90,50,110,80,95,500,2
230,kingdra,swiftswim,sniper,damp,water,dragon,75,95,95,95,95,85,540,2
231,phanpy,pickup,sandveil,,ground,,90,60,60,40,40,40,330,2
232,donphan,sturdy,sandveil,,ground,,90,120,120,60,60,50,500,2
233,porygon2,trace,download,analytic,normal,,85,80,90,105,95,60,515,2
234,stantler,intimidate,frisk,sapsipper,normal,,73,95,62,85,65,85,465,2
235,smeargle,owntempo,technician,moody,normal,,55,20,35,20,45,75,250,2
236,tyrogue,guts,steadfast,vitalspirit,fighting,,35,35,35,35,35,35,210,2
237,hitmontop,intimidate,technician,steadfast,fighting,,50,95,95,35,110,70,455,2
238,smoochum,oblivious,forewarn,hydration,ice,psychic,45,30,15,85,65,65,305,2
239,elekid,static,vitalspirit,,electric,,45,63,37,65,55,95,360,2
240,magby,flamebody,vitalspirit,,fire,,45,75,37,70,55,83,365,2
241,miltank,thickfat,scrappy,sapsipper,normal,,95,80,105,40,70,100,490,2
242,blissey,naturalcure,serenegrace,healer,normal,,255,10,10,75,135,55,540,2
243,raikou,pressure,innerfocus,,electric,,90,85,75,115,100,115,580,2
244,entei,pressure,innerfocus,,fire,,115,115,85,90,75,100,580,2
245,suicune,pressure,innerfocus,,water,,100,75,115,90,115,85,580,2
246,larvitar,guts,sandveil,,rock,ground,50,64,50,45,50,41,300,2
247,pupitar,shedskin,,,rock,ground,70,84,70,65,70,51,410,2
248,tyranitar,sandstream,unnerve,,rock,dark,100,134,110,95,100,61,600,2
249,lugia,pressure,multiscale,,psychic,flying,106,90,130,90,154,110,680,2
250,ho-oh,pressure,regenerator,,fire,flying,106,130,90,110,154,90,680,2
251,celebi,naturalcure,,,psychic,grass,100,100,100,100,100,100,600,2
252,treecko,overgrow,unburden,,grass,,40,45,35,65,55,70,310,3
253,grovyle,overgrow,unburden,,grass,,50,65,45,85,65,95,405,3
254,sceptile,overgrow,unburden,,grass,,70,85,65,105,85,120,530,3
255,torchic,blaze,speedboost,,fire,,45,60,40,70,50,45,310,3
256,combusken,blaze,speedboost,,fire,fighting,60,85,60,85,60,55,405,3
257,blaziken,blaze,speedboost,,fire,fighting,80,120,70,110,70,80,530,3
258,mudkip,torrent,damp,,water,,50,70,50,50,50,40,310,3
259,marshtomp,torrent,damp,,water,ground,70,85,70,60,70,50,405,3
260,swampert,torrent,damp,,water,ground,100,110,90,85,90,60,535,3
261,poochyena,runaway,quickfeet,rattled,dark,,35,55,35,30,30,35,220,3
262,mightyena,intimidate,quickfeet,moxie,dark,,70,90,70,60,60,70,420,3
263,zigzagoon,pickup,gluttony,quickfeet,normal,,38,30,41,30,41,60,240,3
264,linoone,pickup,gluttony,quickfeet,normal,,78,70,61,50,61,100,420,3
265,wurmple,shielddust,runaway,,bug,,45,45,35,20,30,20,195,3
266,silcoon,shedskin,,,bug,,50,35,55,25,25,15,205,3
267,beautifly,swarm,rivalry,,bug,flying,60,70,50,100,50,65,395,3
268,cascoon,shedskin,,,bug,,50,35,55,25,25,15,205,3
269,dustox,shielddust,compoundeyes,,bug,poison,60,50,70,50,90,65,385,3
270,lotad,swiftswim,raindish,owntempo,water,grass,40,30,30,40,50,30,220,3
271,lombre,swiftswim,raindish,owntempo,water,grass,60,50,50,60,70,50,340,3
272,ludicolo,swiftswim,raindish,owntempo,water,grass,80,70,70,90,100,70,480,3
273,seedot,chlorophyll,earlybird,pickpocket,grass,,40,40,50,30,30,30,220,3
274,nuzleaf,chlorophyll,earlybird,pickpocket,grass,dark,70,70,40,60,40,60,340,3
275,shiftry,chlorophyll,earlybird,pickpocket,grass,dark,90,100,60,90,60,80,480,3
276,taillow,guts,scrappy,,normal,flying,40,55,30,30,30,85,270,3
277,swellow,guts,scrappy,,normal,flying,60,85,60,75,50,125,455,3
278,wingull,keeneye,hydration,raindish,water,flying,40,30,30,55,30,85,270,3
279,pelipper,keeneye,drizzle,raindish,water,flying,60,50,100,95,70,65,440,3
280,ralts,synchronize,trace,telepathy,psychic,fairy,28,25,25,45,35,40,198,3
281,kirlia,synchronize,trace,telepathy,psychic,fairy,38,35,35,65,55,50,278,3
282,gardevoir,synchronize,trace,telepathy,psychic,fairy,68,65,65,125,115,80,518,3
283,surskit,swiftswim,raindish,,bug,water,40,30,32,50,52,65,269,3
284,masquerain,intimidate,unnerve,,bug,flying,70,60,62,100,82,80,454,3
285,shroomish,effectspore,poisonheal,quickfeet,grass,,60,40,60,40,60,35,295,3
286,breloom,effectspore,poisonheal,technician,grass,fighting,60,130,80,60,60,70,460,3
287,slakoth,truant,,,normal,,60,60,60,35,35,30,280,3
288,vigoroth,vitalspirit,,,normal,,80,80,80,55,55,90,440,3
289,slaking,truant,,,normal,,150,160,100,95,65,100,670,3
290,nincada,compoundeyes,runaway,,bug,ground,31,45,90,30,30,40,266,3
291,ninjask,speedboost,infiltrator,,bug,flying,61,90,45,50,50,160,456,3
292,shedinja,wonderguard,,,bug,ghost,1,90,45,30,30,40,236,3
293,whismur,soundproof,rattled,,normal,,64,51,23,51,23,28,240,3
294,loudred,soundproof,scrappy,,normal,,84,71,43,71,43,48,360,3
295,exploud,soundproof,scrappy,,normal,,104,91,63,91,73,68,490,3
296,makuhita,thickfat,guts,sheerforce,fighting,,72,60,30,20,30,25,237,3
297,hariyama,thickfat,guts,sheerforce,fighting,,144,120,60,40,60,50,474,3
298,azurill,thickfat,hugepower,sapsipper,normal,fairy,50,20,40,20,40,20,190,3
299,nosepass,sturdy,magnetpull,sandforce,rock,,30,45,135,45,90,30,375,3
300,skitty,cutecharm,normalize,wonderskin,normal,,50,45,45,35,35,50,260,3
301,delcatty,cutecharm,normalize,wonderskin,normal,,70,65,65,55,55,90,400,3
302,sableye,keeneye,stall,prankster,dark,ghost,50,75,75,65,65,50,380,3
303,mawile,hypercutter,intimidate,sheerforce,steel,fairy,50,85,85,55,55,50,380,3
304,aron,sturdy,rockhead,heavymetal,steel,rock,50,70,100,40,40,30,330,3
305,lairon,sturdy,rockhead,heavymetal,steel,rock,60,90,140,50,50,40,430,3
306,aggron,sturdy,rockhead,heavymetal,steel,rock,70,110,180,60,60,50,530,3
307,meditite,purepower,telepathy,,fighting,psychic,30,40,55,40,55,60,280,3
308,medicham,purepower,telepathy,,fighting,psychic,60,60,75,60,75,80,410,3
309,electrike,static,lightningrod,minus,electric,,40,45,40,65,40,65,295,3
310,manectric,static,lightningrod,minus,electric,,70,75,60,105,60,105,475,3
311,plusle,plus,lightningrod,,electric,,60,50,40,85,75,95,405,3
312,minun,minus,voltabsorb,,electric,,60,40,50,75,85,95,405,3
313,volbeat,illuminate,swarm,prankster,bug,,65,73,75,47,85,85,430,3
314,illumise,oblivious,tintedlens,prankster,bug,,65,47,75,73,85,85,430,3
315,roselia,naturalcure,poisonpoint,leafguard,grass,poison,50,60,45,100,80,65,400,3
316,gulpin,liquidooze,stickyhold,gluttony,poison,,70,43,53,43,53,40,302,3
317,swalot,liquidooze,stickyhold,gluttony,poison,,100,73,83,73,83,55,467,3
318,carvanha,roughskin,speedboost,,water,dark,45,90,20,65,20,65,305,3
319,sharpedo,roughskin,speedboost,,water,dark,70,120,40,95,40,95,460,3
320,wailmer,waterveil,oblivious,pressure,water,,130,70,35,70,35,60,400,3
321,wailord,waterveil,oblivious,pressure,water,,170,90,45,90,45,60,500,3
322,numel,oblivious,simple,owntempo,fire,ground,60,60,40,65,45,35,305,3
323,camerupt,magmaarmor,solidrock,angerpoint,fire,ground,70,100,70,105,75,40,460,3
324,torkoal,whitesmoke,drought,shellarmor,fire,,70,85,140,85,70,20,470,3
325,spoink,thickfat,owntempo,gluttony,psychic,,60,25,35,70,80,60,330,3
326,grumpig,thickfat,owntempo,gluttony,psychic,,80,45,65,90,110,80,470,3
327,spinda,owntempo,tangledfeet,contrary,normal,,60,60,60,60,60,60,360,3
328,trapinch,hypercutter,arenatrap,sheerforce,ground,,45,100,45,45,45,10,290,3
329,vibrava,levitate,,,ground,dragon,50,70,50,50,50,70,340,3
330,flygon,levitate,,,ground,dragon,80,100,80,80,80,100,520,3
331,cacnea,sandveil,waterabsorb,,grass,,50,85,40,85,40,35,335,3
332,cacturne,sandveil,waterabsorb,,grass,dark,70,115,60,115,60,55,475,3
333,swablu,naturalcure,cloudnine,,normal,flying,45,40,60,40,75,50,310,3
334,altaria,naturalcure,cloudnine,,dragon,flying,75,70,90,70,105,80,490,3
335,zangoose,immunity,toxicboost,,normal,,73,115,60,60,60,90,458,3
336,seviper,shedskin,infiltrator,,poison,,73,100,60,100,60,65,458,3
337,lunatone,levitate,,,rock,psychic,90,55,65,95,85,70,460,3
338,solrock,levitate,,,rock,psychic,90,95,85,55,65,70,460,3
339,barboach,oblivious,anticipation,hydration,water,ground,50,48,43,46,41,60,288,3
340,whiscash,oblivious,anticipation,hydration,water,ground,110,78,73,76,71,60,468,3
341,corphish,hypercutter,shellarmor,adapt,water,,43,80,65,50,35,35,308,3
342,crawdaunt,hypercutter,shellarmor,adapt,water,dark,63,120,85,90,55,55,468,3
343,baltoy,levitate,,,ground,psychic,40,40,55,40,70,55,300,3
344,claydol,levitate,,,ground,psychic,60,70,105,70,120,75,500,3
345,lileep,suctioncups,stormdrain,,rock,grass,66,41,77,61,87,23,355,3
346,cradily,suctioncups,stormdrain,,rock,grass,86,81,97,81,107,43,495,3
347,anorith,battlearmor,swiftswim,,rock,bug,45,95,50,40,50,75,355,3
348,armaldo,battlearmor,swiftswim,,rock,bug,75,125,100,70,80,45,495,3
349,feebas,swiftswim,oblivious,adapt,water,,20,15,20,10,55,80,200,3
350,milotic,marvelscale,competitive,cutecharm,water,,95,60,79,100,125,81,540,3
351,castform,forecast,,,normal,,70,70,70,70,70,70,420,3
352,kecleon,colorchange,protean,,normal,,60,90,70,60,120,40,440,3
353,shuppet,insomnia,frisk,cursedbody,ghost,,44,75,35,63,33,45,295,3
354,banette,insomnia,frisk,cursedbody,ghost,,64,115,65,83,63,65,455,3
355,duskull,levitate,frisk,,ghost,,20,40,90,30,90,25,295,3
356,dusclops,pressure,frisk,,ghost,,40,70,130,60,130,25,455,3
357,tropius,chlorophyll,solarpower,harvest,grass,flying,99,68,83,72,87,51,460,3
358,chimecho,levitate,,,psychic,,75,50,80,95,90,65,455,3
359,absol,pressure,superluck,justified,dark,,65,130,60,75,60,75,465,3
360,wynaut,shadowtag,telepathy,,psychic,,95,23,48,23,48,23,260,3
361,snorunt,innerfocus,icebody,moody,ice,,50,50,50,50,50,50,300,3
362,glalie,innerfocus,icebody,moody,ice,,80,80,80,80,80,80,480,3
363,spheal,thickfat,icebody,oblivious,ice,water,70,40,50,55,50,25,290,3
364,sealeo,thickfat,icebody,oblivious,ice,water,90,60,70,75,70,45,410,3
365,walrein,thickfat,icebody,oblivious,ice,water,110,80,90,95,90,65,530,3
366,clamperl,shellarmor,rattled,,water,,35,64,85,74,55,32,345,3
367,huntail,swiftswim,waterveil,,water,,55,104,105,94,75,52,485,3
368,gorebyss,swiftswim,hydration,,water,,55,84,105,114,75,52,485,3
369,relicanth,swiftswim,rockhead,sturdy,water,rock,100,90,130,45,65,55,485,3
370,luvdisc,swiftswim,hydration,,water,,43,30,55,40,65,97,330,3
371,bagon,rockhead,sheerforce,,dragon,,45,75,60,40,30,50,300,3
372,shelgon,rockhead,overcoat,,dragon,,65,95,100,60,50,50,420,3
373,salamence,intimidate,moxie,,dragon,flying,95,135,80,110,80,100,600,3
374,beldum,clearbody,lightmetal,,steel,psychic,40,55,80,35,60,30,300,3
375,metang,clearbody,lightmetal,,steel,psychic,60,75,100,55,80,50,420,3
376,metagross,clearbody,lightmetal,,steel,psychic,80,135,130,95,90,70,600,3
377,regirock,clearbody,sturdy,,rock,,80,100,200,50,100,50,580,3
378,regice,clearbody,icebody,,ice,,80,50,100,100,200,50,580,3
379,registeel,clearbody,lightmetal,,steel,,80,75,150,75,150,50,580,3
380,latias,levitate,,,dragon,psychic,80,80,90,110,130,110,600,3
381,latios,levitate,,,dragon,psychic,80,90,80,130,110,110,600,3
382,kyogre,drizzle,,,water,,100,100,90,150,140,90,670,3
383,groudon,drought,,,ground,,100,150,140,100,90,90,670,3
384,rayquaza,airlock,,,dragon,flying,105,150,90,150,90,95,680,3
385,jirachi,serenegrace,,,steel,psychic,100,100,100,100,100,100,600,3
386,deoxys-normal,pressure,,,psychic,,50,150,50,150,50,150,600,3
387,turtwig,overgrow,shellarmor,,grass,,55,68,64,45,55,31,318,4
388,grotle,overgrow,shellarmor,,grass,,75,89,85,55,65,36,405,4
389,torterra,overgrow,shellarmor,,grass,ground,95,109,105,75,85,56,525,4
390,chimchar,blaze,ironfist,,fire,,44,58,44,58,44,61,309,4
391,monferno,blaze,ironfist,,fire,fighting,64,78,52,78,52,81,405,4
392,infernape,blaze,ironfist,,fire,fighting,76,104,71,104,71,108,534,4
393,piplup,torrent,defiant,,water,,53,51,53,61,56,40,314,4
394,prinplup,torrent,defiant,,water,,64,66,68,81,76,50,405,4
395,empoleon,torrent,defiant,,water,steel,84,86,88,111,101,60,530,4
396,starly,keeneye,reckless,,normal,flying,40,55,30,30,30,60,245,4
397,staravia,intimidate,reckless,,normal,flying,55,75,50,40,40,80,340,4
398,staraptor,intimidate,reckless,,normal,flying,85,120,70,50,60,100,485,4
399,bidoof,simple,unaware,moody,normal,,59,45,40,35,40,31,250,4
400,bibarel,simple,unaware,moody,normal,water,79,85,60,55,60,71,410,4
401,kricketot,shedskin,runaway,,bug,,37,25,41,25,41,25,194,4
402,kricketune,swarm,technician,,bug,,77,85,51,55,51,65,384,4
403,shinx,rivalry,intimidate,guts,electric,,45,65,34,40,34,45,263,4
404,luxio,rivalry,intimidate,guts,electric,,60,85,49,60,49,60,363,4
405,luxray,rivalry,intimidate,guts,electric,,80,120,79,95,79,70,523,4
406,budew,naturalcure,poisonpoint,leafguard,grass,poison,40,30,35,50,70,55,280,4
407,roserade,naturalcure,poisonpoint,technician,grass,poison,60,70,65,125,105,90,515,4
408,cranidos,moldbreaker,sheerforce,,rock,,67,125,40,30,30,58,350,4
409,rampardos,moldbreaker,sheerforce,,rock,,97,165,60,65,50,58,495,4
410,shieldon,sturdy,soundproof,,rock,steel,30,42,118,42,88,30,350,4
411,bastiodon,sturdy,soundproof,,rock,steel,60,52,168,47,138,30,495,4
412,burmy,shedskin,overcoat,,bug,,40,29,45,29,45,36,224,4
413,wormadam-plant,anticipation,overcoat,,bug,grass,60,59,85,79,105,36,424,4
414,mothim,swarm,tintedlens,,bug,flying,70,94,50,94,50,66,424,4
415,combee,honeygather,hustle,,bug,flying,30,30,42,30,42,70,244,4
416,vespiquen,pressure,unnerve,,bug,flying,70,80,102,80,102,40,474,4
417,pachirisu,runaway,pickup,voltabsorb,electric,,60,45,70,45,90,95,405,4
418,buizel,swiftswim,waterveil,,water,,55,65,35,60,30,85,330,4
419,floatzel,swiftswim,waterveil,,water,,85,105,55,85,50,115,495,4
420,cherubi,chlorophyll,,,grass,,45,35,45,62,53,35,275,4
421,cherrim,flowergift,,,grass,,70,60,70,87,78,85,450,4
422,shellos,stickyhold,stormdrain,sandforce,water,,76,48,48,57,62,34,325,4
423,gastrodon,stickyhold,stormdrain,sandforce,water,ground,111,83,68,92,82,39,475,4
424,ambipom,technician,pickup,skilllink,normal,,75,100,66,60,66,115,482,4
425,drifloon,aftermath,unburden,flareboost,ghost,flying,90,50,34,60,44,70,348,4
426,drifblim,aftermath,unburden,flareboost,ghost,flying,150,80,44,90,54,80,498,4
427,buneary,runaway,klutz,limber,normal,,55,66,44,44,56,85,350,4
428,lopunny,cutecharm,klutz,limber,normal,,65,76,84,54,96,105,480,4
429,mismagius,levitate,,,ghost,,60,60,60,105,105,105,495,4
430,honchkrow,insomnia,superluck,moxie,dark,flying,100,125,52,105,52,71,505,4
431,glameow,limber,owntempo,keeneye,normal,,49,55,42,42,37,85,310,4
432,purugly,thickfat,owntempo,defiant,normal,,71,82,64,64,59,112,452,4
433,chingling,levitate,,,psychic,,45,30,50,65,50,45,285,4
434,stunky,stench,aftermath,keeneye,poison,dark,63,63,47,41,41,74,329,4
435,skuntank,stench,aftermath,keeneye,poison,dark,103,93,67,71,61,84,479,4
436,bronzor,levitate,heatproof,heavymetal,steel,psychic,57,24,86,24,86,23,300,4
437,bronzong,levitate,heatproof,heavymetal,steel,psychic,67,89,116,79,116,33,500,4
438,bonsly,sturdy,rockhead,rattled,rock,,50,80,95,10,45,10,290,4
439,mime-jr,soundproof,filter,technician,psychic,fairy,20,25,45,70,90,60,310,4
440,happiny,naturalcure,serenegrace,friendguard,normal,,100,5,5,15,65,30,220,4
441,chatot,keeneye,tangledfeet,bigpecks,normal,flying,76,65,45,92,42,91,411,4
442,spiritomb,pressure,infiltrator,,ghost,dark,50,92,108,92,108,35,485,4
443,gible,sandveil,roughskin,,dragon,ground,58,70,45,40,45,42,300,4
444,gabite,sandveil,roughskin,,dragon,ground,68,90,65,50,55,82,410,4
445,garchomp,sandveil,roughskin,,dragon,ground,108,130,95,80,85,102,600,4
446,munchlax,pickup,thickfat,gluttony,normal,,135,85,40,40,85,5,390,4
447,riolu,steadfast,innerfocus,prankster,fighting,,40,70,40,35,40,60,285,4
448,lucario,steadfast,innerfocus,justified,fighting,steel,70,110,70,115,70,90,525,4
449,hippopotas,sandstream,sandforce,,ground,,68,72,78,38,42,32,330,4
450,hippowdon,sandstream,sandforce,,ground,,108,112,118,68,72,47,525,4
451,skorupi,battlearmor,sniper,keeneye,poison,bug,40,50,90,30,55,65,330,4
452,drapion,battlearmor,sniper,keeneye,poison,dark,70,90,110,60,75,95,500,4
453,croagunk,anticipation,dryskin,poisontouch,poison,fighting,48,61,40,61,40,50,300,4
454,toxicroak,anticipation,dryskin,poisontouch,poison,fighting,83,106,65,86,65,85,490,4
455,carnivine,levitate,,,grass,,74,100,72,90,72,46,454,4
456,finneon,swiftswim,stormdrain,waterveil,water,,49,49,56,49,61,66,330,4
457,lumineon,swiftswim,stormdrain,waterveil,water,,69,69,76,69,86,91,460,4
458,mantyke,swiftswim,waterabsorb,waterveil,water,flying,45,20,50,60,120,50,345,4
459,snover,snowwarning,soundproof,,grass,ice,60,62,50,62,60,40,334,4
460,abomasnow,snowwarning,soundproof,,grass,ice,90,92,75,92,85,60,494,4
461,weavile,pressure,pickpocket,,dark,ice,70,120,65,45,85,125,510,4
462,magnezone,magnetpull,sturdy,analytic,electric,steel,70,70,115,130,90,60,535,4
463,lickilicky,owntempo,oblivious,cloudnine,normal,,110,85,95,80,95,50,515,4
464,rhyperior,lightningrod,solidrock,reckless,ground,rock,115,140,130,55,55,40,535,4
465,tangrowth,chlorophyll,leafguard,regenerator,grass,,100,100,125,110,50,50,535,4
466,electivire,motordrive,vitalspirit,,electric,,75,123,67,95,85,95,540,4
467,magmortar,flamebody,vitalspirit,,fire,,75,95,67,125,95,83,540,4
468,togekiss,hustle,serenegrace,superluck,fairy,flying,85,50,95,120,115,80,545,4
469,yanmega,speedboost,tintedlens,frisk,bug,flying,86,76,86,116,56,95,515,4
470,leafeon,leafguard,chlorophyll,,grass,,65,110,130,60,65,95,525,4
471,glaceon,snowcloak,icebody,,ice,,65,60,110,130,95,65,525,4
472,gliscor,hypercutter,sandveil,poisonheal,ground,flying,75,95,125,45,75,95,510,4
473,mamoswine,oblivious,snowcloak,thickfat,ice,ground,110,130,80,70,60,80,530,4
474,porygon-z,adapt,download,analytic,normal,,85,80,70,135,75,90,535,4
475,gallade,steadfast,justified,,psychic,fighting,68,125,65,65,115,80,518,4
476,probopass,sturdy,magnetpull,sandforce,rock,steel,60,55,145,75,150,40,525,4
477,dusknoir,pressure,frisk,,ghost,,45,100,135,65,135,45,525,4
478,froslass,snowcloak,cursedbody,,ice,ghost,70,80,70,80,70,110,480,4
479,rotom,levitate,,,electric,ghost,50,50,77,95,77,91,440,4
480,uxie,levitate,,,psychic,,75,75,130,75,130,95,580,4
481,mesprit,levitate,,,psychic,,80,105,105,105,105,80,580,4
482,azelf,levitate,,,psychic,,75,125,70,125,70,115,580,4
483,dialga,pressure,telepathy,,steel,dragon,100,120,120,150,100,90,680,4
484,palkia,pressure,telepathy,,water,dragon,90,120,100,150,120,100,680,4
485,heatran,flashfire,flamebody,,fire,steel,91,90,106,130,106,77,600,4
486,regigigas,slowstart,,,normal,,110,160,110,80,110,100,670,4
487,giratina-altered,pressure,telepathy,,ghost,dragon,150,100,120,100,120,90,680,4
488,cresselia,levitate,,,psychic,,120,70,120,75,130,85,600,4
489,phione,hydration,,,water,,80,80,80,80,80,80,480,4
490,manaphy,hydration,,,water,,100,100,100,100,100,100,600,4
491,darkrai,baddreams,,,dark,,70,90,90,135,90,125,600,4
492,shaymin-land,naturalcure,,,grass,,100,100,100,100,100,100,600,4
493,arceus,multitype,,,normal,,120,120,120,120,120,120,720,4
494,victini,victorystar,,,psychic,fire,100,100,100,100,100,100,600,5
495,snivy,overgrow,contrary,,grass,,45,45,55,45,55,63,308,5
496,servine,overgrow,contrary,,grass,,60,60,75,60,75,83,413,5
497,serperior,overgrow,contrary,,grass,,75,75,95,75,95,113,528,5
498,tepig,blaze,thickfat,,fire,,65,63,45,45,45,45,308,5
499,pignite,blaze,thickfat,,fire,fighting,90,93,55,70,55,55,418,5
500,emboar,blaze,reckless,,fire,fighting,110,123,65,100,65,65,528,5
501,oshawott,torrent,shellarmor,,water,,55,55,45,63,45,45,308,5
502,dewott,torrent,shellarmor,,water,,75,75,60,83,60,60,413,5
503,samurott,torrent,shellarmor,,water,,95,100,85,108,70,70,528,5
504,patrat,runaway,keeneye,analytic,normal,,45,55,39,35,39,42,255,5
505,watchog,illuminate,keeneye,analytic,normal,,60,85,69,60,69,77,420,5
506,lillipup,vitalspirit,pickup,runaway,normal,,45,60,45,25,45,55,275,5
507,herdier,intimidate,sandrush,scrappy,normal,,65,80,65,35,65,60,370,5
508,stoutland,intimidate,sandrush,scrappy,normal,,85,110,90,45,90,80,500,5
509,purrloin,limber,unburden,prankster,dark,,41,50,37,50,37,66,281,5
510,liepard,limber,unburden,prankster,dark,,64,88,50,88,50,106,446,5
511,pansage,gluttony,overgrow,,grass,,50,53,48,53,48,64,316,5
512,simisage,gluttony,overgrow,,grass,,75,98,63,98,63,101,498,5
513,pansear,gluttony,blaze,None,fire,None,50,53,48,53,48,64,316,5
514,simisear,gluttony,blaze,,fire,,75,98,63,98,63,101,498,5
515,panpour,gluttony,torrent,,water,,50,53,48,53,48,64,316,5
516,simipour,gluttony,torrent,,water,,75,98,63,98,63,101,498,5
517,munna,forewarn,synchronize,telepathy,psychic,,76,25,45,67,55,24,292,5
518,musharna,forewarn,synchronize,telepathy,psychic,,116,55,85,107,95,29,487,5
519,pidove,bigpecks,superluck,rivalry,normal,flying,50,55,50,36,30,43,264,5
520,tranquill,bigpecks,superluck,rivalry,normal,flying,62,77,62,50,42,65,358,5
521,unfezant,bigpecks,superluck,rivalry,normal,flying,80,115,80,65,55,93,488,5
522,blitzle,lightningrod,motordrive,sapsipper,electric,,45,60,32,50,32,76,295,5
523,zebstrika,lightningrod,motordrive,sapsipper,electric,,75,100,63,80,63,116,497,5
524,roggenrola,sturdy,weakarmor,sandforce,rock,,55,75,85,25,25,15,280,5
525,boldore,sturdy,weakarmor,sandforce,rock,,70,105,105,50,40,20,390,5
526,gigalith,sturdy,sandstream,sandforce,rock,,85,135,130,60,80,25,515,5
527,woobat,unaware,klutz,simple,psychic,flying,65,45,43,55,43,72,323,5
528,swoobat,unaware,klutz,simple,psychic,flying,67,57,55,77,55,114,425,5
529,drilbur,sandrush,sandforce,moldbreaker,ground,,60,85,40,30,45,68,328,5
530,excadrill,sandrush,sandforce,moldbreaker,ground,steel,110,135,60,50,65,88,508,5
531,audino,healer,regenerator,klutz,normal,,103,60,86,60,86,50,445,5
532,timburr,guts,sheerforce,ironfist,fighting,,75,80,55,25,35,35,305,5
533,gurdurr,guts,sheerforce,ironfist,fighting,,85,105,85,40,50,40,405,5
534,conkeldurr,guts,sheerforce,ironfist,fighting,,105,140,95,55,65,45,505,5
535,tympole,swiftswim,hydration,waterabsorb,water,,50,50,40,50,40,64,294,5
536,palpitoad,swiftswim,hydration,waterabsorb,water,ground,75,65,55,65,55,69,384,5
537,seismitoad,swiftswim,poisontouch,waterabsorb,water,ground,105,95,75,85,75,74,509,5
538,throh,guts,innerfocus,moldbreaker,fighting,,120,100,85,30,85,45,465,5
539,sawk,sturdy,innerfocus,moldbreaker,fighting,,75,125,75,30,75,85,465,5
540,sewaddle,swarm,chlorophyll,overcoat,bug,grass,45,53,70,40,60,42,310,5
541,swadloon,leafguard,chlorophyll,overcoat,bug,grass,55,63,90,50,80,42,380,5
542,leavanny,swarm,chlorophyll,overcoat,bug,grass,75,103,80,70,80,92,500,5
543,venipede,poisonpoint,swarm,speedboost,bug,poison,30,45,59,30,39,57,260,5
544,whirlipede,poisonpoint,swarm,speedboost,bug,poison,40,55,99,40,79,47,360,5
545,scolipede,poisonpoint,swarm,speedboost,bug,poison,60,100,89,55,69,112,485,5
546,cottonee,prankster,infiltrator,chlorophyll,grass,fairy,40,27,60,37,50,66,280,5
547,whimsicott,prankster,infiltrator,chlorophyll,grass,fairy,60,67,85,77,75,116,480,5
548,petilil,chlorophyll,owntempo,leafguard,grass,,45,35,50,70,50,30,280,5
549,lilligant,chlorophyll,owntempo,leafguard,grass,,70,60,75,110,75,90,480,5
550,basculin-red-striped,reckless,adapt,moldbreaker,water,,70,92,65,80,55,98,460,5
551,sandile,intimidate,moxie,angerpoint,ground,dark,50,72,35,35,35,65,292,5
552,krokorok,intimidate,moxie,angerpoint,ground,dark,60,82,45,45,45,74,351,5
553,krookodile,intimidate,moxie,angerpoint,ground,dark,95,117,80,65,70,92,519,5
554,darumaka,hustle,innerfocus,,fire,,70,90,45,15,45,50,315,5
555,darmanitan-standard,sheerforce,zenmode,,fire,,105,140,55,30,55,95,480,5
556,maractus,waterabsorb,chlorophyll,stormdrain,grass,,75,86,67,106,67,60,461,5
557,dwebble,sturdy,shellarmor,weakarmor,bug,rock,50,65,85,35,35,55,325,5
558,crustle,sturdy,shellarmor,weakarmor,bug,rock,70,105,125,65,75,45,485,5
559,scraggy,shedskin,moxie,intimidate,dark,fighting,50,75,70,35,70,48,348,5
560,scrafty,shedskin,moxie,intimidate,dark,fighting,65,90,115,45,115,58,488,5
561,sigilyph,wonderskin,magicguard,tintedlens,psychic,flying,72,58,80,103,80,97,490,5
562,yamask,mummy,,,ghost,,38,30,85,55,65,30,303,5
563,cofagrigus,mummy,,,ghost,,58,50,145,95,105,30,483,5
564,tirtouga,solidrock,sturdy,swiftswim,water,rock,54,78,103,53,45,22,355,5
565,carracosta,solidrock,sturdy,swiftswim,water,rock,74,108,133,83,65,32,495,5
566,archen,defeatist,,,rock,flying,55,112,45,74,45,70,401,5
567,archeops,defeatist,,,rock,flying,75,140,65,112,65,110,567,5
568,trubbish,stench,stickyhold,aftermath,poison,,50,50,62,40,62,65,329,5
569,garbodor,stench,weakarmor,aftermath,poison,,80,95,82,60,82,75,474,5
570,zorua,illusion,,,dark,,40,65,40,80,40,65,330,5
571,zoroark,illusion,,,dark,,60,105,60,120,60,105,510,5
572,minccino,cutecharm,technician,skilllink,normal,,55,50,40,40,40,75,300,5
573,cinccino,cutecharm,technician,skilllink,normal,,75,95,60,65,60,115,470,5
574,gothita,frisk,competitive,shadowtag,psychic,,45,30,50,55,65,45,290,5
575,gothorita,frisk,competitive,shadowtag,psychic,,60,45,70,75,85,55,390,5
576,gothitelle,frisk,competitive,shadowtag,psychic,,70,55,95,95,110,65,490,5
577,solosis,overcoat,magicguard,regenerator,psychic,,45,30,40,105,50,20,290,5
578,duosion,overcoat,magicguard,regenerator,psychic,,65,40,50,125,60,30,370,5
579,reuniclus,overcoat,magicguard,regenerator,psychic,,110,65,75,125,85,30,490,5
580,ducklett,keeneye,bigpecks,hydration,water,flying,62,44,50,44,50,55,305,5
581,swanna,keeneye,bigpecks,hydration,water,flying,75,87,63,87,63,98,473,5
582,vanillite,icebody,snowcloak,weakarmor,ice,,36,50,50,65,60,44,305,5
583,vanillish,icebody,snowcloak,weakarmor,ice,,51,65,65,80,75,59,395,5
584,vanilluxe,icebody,snowwarning,weakarmor,ice,,71,95,85,110,95,79,535,5
585,deerling,chlorophyll,sapsipper,serenegrace,normal,grass,60,60,50,40,50,75,335,5
586,sawsbuck,chlorophyll,sapsipper,serenegrace,normal,grass,80,100,70,60,70,95,475,5
587,emolga,static,motordrive,,electric,flying,55,75,60,75,60,103,428,5
588,karrablast,swarm,shedskin,noguard,bug,,50,75,45,40,45,60,315,5
589,escavalier,swarm,shellarmor,overcoat,bug,steel,70,135,105,60,105,20,495,5
590,foongus,effectspore,regenerator,,grass,poison,69,55,45,55,55,15,294,5
591,amoonguss,effectspore,regenerator,,grass,poison,114,85,70,85,80,30,464,5
592,frillish,waterabsorb,cursedbody,damp,water,ghost,55,40,50,65,85,40,335,5
593,jellicent,waterabsorb,cursedbody,damp,water,ghost,100,60,70,85,105,60,480,5
594,alomomola,healer,hydration,regenerator,water,,165,75,80,40,45,65,470,5
595,joltik,compoundeyes,unnerve,swarm,bug,electric,50,47,50,57,50,65,319,5
596,galvantula,compoundeyes,unnerve,swarm,bug,electric,70,77,60,97,60,108,472,5
597,ferroseed,ironbarbs,,,grass,steel,44,50,91,24,86,10,305,5
598,ferrothorn,ironbarbs,anticipation,,grass,steel,74,94,131,54,116,20,489,5
599,klink,plus,minus,clearbody,steel,,40,55,70,45,60,30,300,5
600,klang,plus,minus,clearbody,steel,,60,80,95,70,85,50,440,5
601,klinklang,plus,minus,clearbody,steel,,60,100,115,70,85,90,520,5
602,tynamo,levitate,,,electric,,35,55,40,45,40,60,275,5
603,eelektrik,levitate,,,electric,,65,85,70,75,70,40,405,5
604,eelektross,levitate,,,electric,,85,115,80,105,80,50,515,5
605,elgyem,telepathy,synchronize,analytic,psychic,,55,55,55,85,55,30,335,5
606,beheeyem,telepathy,synchronize,analytic,psychic,,75,75,75,125,95,40,485,5
607,litwick,flashfire,flamebody,infiltrator,ghost,fire,50,30,55,65,55,20,275,5
608,lampent,flashfire,flamebody,infiltrator,ghost,fire,60,40,60,95,60,55,370,5
609,chandelure,flashfire,flamebody,infiltrator,ghost,fire,60,55,90,145,90,80,520,5
610,axew,rivalry,moldbreaker,unnerve,dragon,,46,87,60,30,40,57,320,5
611,fraxure,rivalry,moldbreaker,unnerve,dragon,,66,117,70,40,50,67,410,5
612,haxorus,rivalry,moldbreaker,unnerve,dragon,,76,147,90,60,70,97,540,5
613,cubchoo,snowcloak,slushrush,rattled,ice,,55,70,40,60,40,40,305,5
614,beartic,snowcloak,slushrush,swiftswim,ice,,95,130,80,70,80,50,505,5
615,cryogonal,levitate,,,ice,,80,50,50,95,135,105,515,5
616,shelmet,hydration,shellarmor,overcoat,bug,,50,40,85,40,65,25,305,5
617,accelgor,hydration,stickyhold,unburden,bug,,80,70,40,100,60,145,495,5
618,stunfisk,static,limber,sandveil,ground,electric,109,66,84,81,99,32,471,5
619,mienfoo,innerfocus,regenerator,reckless,fighting,,45,85,50,55,50,65,350,5
620,mienshao,innerfocus,regenerator,reckless,fighting,,65,125,60,95,60,105,510,5
621,druddigon,roughskin,sheerforce,moldbreaker,dragon,,77,120,90,60,90,48,485,5
622,golett,ironfist,klutz,noguard,ground,ghost,59,74,50,35,50,35,303,5
623,golurk,ironfist,klutz,noguard,ground,ghost,89,124,80,55,80,55,483,5
624,pawniard,defiant,innerfocus,pressure,dark,steel,45,85,70,40,40,60,340,5
625,bisharp,defiant,innerfocus,pressure,dark,steel,65,125,100,60,70,70,490,5
626,bouffalant,reckless,sapsipper,soundproof,normal,,95,110,95,40,95,55,490,5
627,rufflet,keeneye,sheerforce,hustle,normal,flying,70,83,50,37,50,60,350,5
628,braviary,keeneye,sheerforce,defiant,normal,flying,100,123,75,57,75,80,510,5
629,vullaby,bigpecks,overcoat,weakarmor,dark,flying,70,55,75,45,65,60,370,5
630,mandibuzz,bigpecks,overcoat,weakarmor,dark,flying,110,65,105,55,95,80,510,5
631,heatmor,gluttony,flashfire,whitesmoke,fire,,85,97,66,105,66,65,484,5
632,durant,swarm,hustle,truant,bug,steel,58,109,112,48,48,109,484,5
633,deino,hustle,,,dark,dragon,52,65,50,45,50,38,300,5
634,zweilous,hustle,,,dark,dragon,72,85,70,65,70,58,420,5
635,hydreigon,levitate,,,dark,dragon,92,105,90,125,90,98,600,5
636,larvesta,flamebody,swarm,,bug,fire,55,85,55,50,55,60,360,5
637,volcarona,flamebody,swarm,,bug,fire,85,60,65,135,105,100,550,5
638,cobalion,justified,,,steel,fighting,91,90,129,90,72,108,580,5
639,terrakion,justified,,,rock,fighting,91,129,90,72,90,108,580,5
640,virizion,justified,,,grass,fighting,91,90,72,90,129,108,580,5
641,tornadus-incarnate,prankster,defiant,,flying,,79,115,70,125,80,111,580,5
642,thundurus-incarnate,prankster,defiant,,electric,flying,79,115,70,125,80,111,580,5
643,reshiram,turboblaze,,,dragon,fire,100,120,100,150,120,90,680,5
644,zekrom,teravolt,,,dragon,electric,100,150,120,120,100,90,680,5
645,landorus-incarnate,sandforce,sheerforce,,ground,flying,89,125,90,115,80,101,600,5
646,kyurem,pressure,,,dragon,ice,125,130,90,130,90,95,660,5
647,keldeo-ordinary,justified,,,water,fighting,91,72,90,129,90,108,580,5
648,meloetta-aria,serenegrace,,,normal,psychic,100,77,77,128,128,90,600,5
649,genesect,download,,,bug,steel,71,120,95,120,95,99,600,5
650,chespin,overgrow,bulletproof,,grass,,56,61,65,48,45,38,313,6
651,quilladin,overgrow,bulletproof,,grass,,61,78,95,56,58,57,405,6
652,chesnaught,overgrow,bulletproof,,grass,fighting,88,107,122,74,75,64,530,6
653,fennekin,blaze,magician,,fire,,40,45,40,62,60,60,307,6
654,braixen,blaze,magician,,fire,,59,59,58,90,70,73,409,6
655,delphox,blaze,magician,,fire,psychic,75,69,72,114,100,104,534,6
656,froakie,torrent,protean,,water,,41,56,40,62,44,71,314,6
657,frogadier,torrent,protean,,water,,54,63,52,83,56,97,405,6
658,greninja,torrent,protean,,water,dark,72,95,67,103,71,122,530,6
659,bunnelby,pickup,cheekpouch,hugepower,normal,,38,36,38,32,36,57,237,6
660,diggersby,pickup,cheekpouch,hugepower,normal,ground,85,56,77,50,77,78,423,6
661,fletchling,bigpecks,galewings,,normal,flying,45,50,43,40,38,62,278,6
662,fletchinder,flamebody,galewings,,fire,flying,62,73,55,56,52,84,382,6
663,talonflame,flamebody,galewings,,fire,flying,78,81,71,74,69,126,499,6
664,scatterbug,shielddust,compoundeyes,friendguard,bug,,38,35,40,27,25,35,200,6
665,spewpa,shedskin,friendguard,,bug,,45,22,60,27,30,29,213,6
666,vivillon,shielddust,compoundeyes,friendguard,bug,flying,80,52,50,90,50,89,411,6
667,litleo,rivalry,unnerve,moxie,fire,normal,62,50,58,73,54,72,369,6
668,pyroar,rivalry,unnerve,moxie,fire,normal,86,68,72,109,66,106,507,6
669,flabebe,flowerveil,symbiosis,,fairy,,44,38,39,61,79,42,303,6
670,floette,flowerveil,symbiosis,,fairy,,54,45,47,75,98,52,371,6
671,florges,flowerveil,symbiosis,,fairy,,78,65,68,112,154,75,552,6
672,skiddo,sapsipper,grasspelt,,grass,,66,65,48,62,57,52,350,6
673,gogoat,sapsipper,grasspelt,,grass,,123,100,62,97,81,68,531,6
674,pancham,ironfist,moldbreaker,scrappy,fighting,,67,82,62,46,48,43,348,6
675,pangoro,ironfist,moldbreaker,scrappy,fighting,dark,95,124,78,69,71,58,495,6
676,furfrou,furcoat,,,normal,,75,80,60,65,90,102,472,6
677,espurr,keeneye,infiltrator,owntempo,psychic,,62,48,54,63,60,68,355,6
678,meowstic-male,keeneye,infiltrator,prankster,psychic,,74,48,76,83,81,104,466,6
679,honedge,noguard,,,steel,ghost,45,80,100,35,37,28,325,6
680,doublade,noguard,,,steel,ghost,59,110,150,45,49,35,448,6
681,aegislash-shield,stancechange,,,steel,ghost,60,50,140,50,140,60,500,6
682,spritzee,healer,aromaveil,,fairy,,78,52,60,63,65,23,341,6
683,aromatisse,healer,aromaveil,,fairy,,101,72,72,99,89,29,462,6
684,swirlix,sweetveil,unburden,,fairy,,62,48,66,59,57,49,341,6
685,slurpuff,sweetveil,unburden,,fairy,,82,80,86,85,75,72,480,6
686,inkay,contrary,suctioncups,infiltrator,dark,psychic,53,54,53,37,46,45,288,6
687,malamar,contrary,suctioncups,infiltrator,dark,psychic,86,92,88,68,75,73,482,6
688,binacle,toughclaws,sniper,pickpocket,rock,water,42,52,67,39,56,50,306,6
689,barbaracle,toughclaws,sniper,pickpocket,rock,water,72,105,115,54,86,68,500,6
690,skrelp,poisonpoint,poisontouch,adapt,poison,water,50,60,60,60,60,30,320,6
691,dragalge,poisonpoint,poisontouch,adapt,poison,dragon,65,75,90,97,123,44,494,6
692,clauncher,megalauncher,,,water,,50,53,62,58,63,44,330,6
693,clawitzer,megalauncher,,,water,,71,73,88,120,89,59,500,6
694,helioptile,dryskin,sandveil,solarpower,electric,normal,44,38,33,61,43,70,289,6
695,heliolisk,dryskin,sandveil,solarpower,electric,normal,62,55,52,109,94,109,481,6
696,tyrunt,strongjaw,sturdy,,rock,dragon,58,89,77,45,45,48,362,6
697,tyrantrum,strongjaw,rockhead,,rock,dragon,82,121,119,69,59,71,521,6
698,amaura,refrigerate,snowwarning,,rock,ice,77,59,50,67,63,46,362,6
699,aurorus,refrigerate,snowwarning,,rock,ice,123,77,72,99,92,58,521,6
700,sylveon,cutecharm,pixilate,,fairy,,95,65,65,110,130,60,525,6
701,hawlucha,limber,unburden,moldbreaker,fighting,flying,78,92,75,74,63,118,500,6
702,dedenne,cheekpouch,pickup,plus,electric,fairy,67,58,57,81,67,101,431,6
703,carbink,clearbody,sturdy,,rock,fairy,50,50,150,50,150,50,500,6
704,goomy,sapsipper,hydration,gooey,dragon,,45,50,35,55,75,40,300,6
705,sliggoo,sapsipper,hydration,gooey,dragon,,68,75,53,83,113,60,452,6
706,goodra,sapsipper,hydration,gooey,dragon,,90,100,70,110,150,80,600,6
707,klefki,prankster,magician,,steel,fairy,57,80,91,80,87,75,470,6
708,phantump,naturalcure,frisk,harvest,ghost,grass,43,70,48,50,60,38,309,6
709,trevenant,naturalcure,frisk,harvest,ghost,grass,85,110,76,65,82,56,474,6
710,pumpkaboo-average,pickup,frisk,insomnia,ghost,grass,49,66,70,44,55,51,335,6
711,gourgeist-average,pickup,frisk,insomnia,ghost,grass,65,90,122,58,75,84,494,6
712,bergmite,owntempo,icebody,sturdy,ice,,55,69,85,32,35,28,304,6
713,avalugg,owntempo,icebody,sturdy,ice,,95,117,184,44,46,28,514,6
714,noibat,frisk,infiltrator,telepathy,flying,dragon,40,30,35,45,40,55,245,6
715,noivern,frisk,infiltrator,telepathy,flying,dragon,85,70,80,97,80,123,535,6
716,xerneas,fairyaura,,,fairy,,126,131,95,131,98,99,680,6
717,yveltal,darkaura,,,dark,flying,126,131,95,131,98,99,680,6
718,zygarde,aurabreak,,,dragon,ground,108,100,121,81,95,95,600,6
719,diancie,clearbody,,,rock,fairy,50,100,150,100,150,50,600,6
720,hoopa,magician,,,psychic,ghost,80,110,60,150,130,70,600,6
721,volcanion,waterabsorb,,,fire,water,80,110,120,130,90,70,600,6
722,rowlet,overgrow,longreach,,grass,flying,68,55,55,50,50,42,320,7
723,dartrix,overgrow,longreach,,grass,flying,78,75,75,70,70,52,420,7
724,decidueye,overgrow,longreach,,grass,ghost,78,107,75,100,100,70,530,7
725,litten,blaze,intimidate,,fire,,45,65,40,60,40,70,320,7
726,torracat,blaze,intimidate,,fire,,65,85,50,80,50,90,420,7
727,incineroar,blaze,intimidate,,fire,dark,95,115,90,80,90,60,530,7
728,popplio,torrent,liquidvoice,,water,,50,54,54,66,56,40,320,7
729,brionne,torrent,liquidvoice,,water,,60,69,69,91,81,50,420,7
730,primarina,torrent,liquidvoice,,water,fairy,80,74,74,126,116,60,530,7
731,pikipek,keeneye,skilllink,pickup,normal,flying,35,75,30,30,30,65,265,7
732,trumbeak,keeneye,skilllink,pickup,normal,flying,55,85,50,40,50,75,355,7
733,toucannon,keeneye,skilllink,sheerforce,normal,flying,80,120,75,75,75,60,485,7
734,yungoos,stakeout,strongjaw,adapt,normal,,48,70,30,30,30,45,253,7
735,gumshoos,stakeout,strongjaw,adapt,normal,,88,110,60,55,60,45,418,7
736,grubbin,swarm,,,bug,,47,62,45,55,45,46,300,7
737,charjabug,battery,,,bug,electric,57,82,95,55,75,36,400,7
738,vikavolt,levitate,,,bug,electric,77,70,90,145,75,43,500,7
739,crabrawler,hypercutter,ironfist,angerpoint,fighting,,47,82,57,42,47,63,338,7
740,crabominable,hypercutter,ironfist,angerpoint,fighting,ice,97,132,77,62,67,43,478,7
741,oricorio-baile,dancer,,,fire,flying,75,70,70,98,70,93,476,7
742,cutiefly,honeygather,shielddust,sweetveil,bug,fairy,40,45,40,55,40,84,304,7
743,ribombee,honeygather,shielddust,sweetveil,bug,fairy,60,55,60,95,70,124,464,7
744,rockruff,keeneye,vitalspirit,steadfast,rock,,45,65,40,30,40,60,280,7
745,lycanroc-midday,keeneye,sandrush,steadfast,rock,,75,115,65,55,65,112,487,7
746,wishiwashi-solo,schooling,,,water,,45,20,20,25,25,40,175,7
747,mareanie,merciless,limber,regenerator,poison,water,50,53,62,43,52,45,305,7
748,toxapex,merciless,limber,regenerator,poison,water,50,63,152,53,142,35,495,7
749,mudbray,owntempo,stamina,innerfocus,ground,,70,100,70,45,55,45,385,7
750,mudsdale,owntempo,stamina,innerfocus,ground,,100,125,100,55,85,35,500,7
751,dewpider,waterbubble,waterabsorb,,water,bug,38,40,52,40,72,27,269,7
752,araquanid,waterbubble,waterabsorb,,water,bug,68,70,92,50,132,42,454,7
753,fomantis,leafguard,contrary,,grass,,40,55,35,50,35,35,250,7
754,lurantis,leafguard,contrary,,grass,,70,105,90,80,90,45,480,7
755,morelull,illuminate,effectspore,raindish,grass,fairy,40,35,55,65,75,15,285,7
756,shiinotic,illuminate,effectspore,raindish,grass,fairy,60,45,80,90,100,30,405,7
757,salandit,corrosion,oblivious,,poison,fire,48,44,40,71,40,77,320,7
758,salazzle,corrosion,oblivious,,poison,fire,68,64,60,111,60,117,480,7
759,stufful,fluffy,klutz,cutecharm,normal,fighting,70,75,50,45,50,50,340,7
760,bewear,fluffy,klutz,unnerve,normal,fighting,120,125,80,55,60,60,500,7
761,bounsweet,leafguard,oblivious,sweetveil,grass,,42,30,38,30,38,32,210,7
762,steenee,leafguard,oblivious,sweetveil,grass,,52,40,48,40,48,62,290,7
763,tsareena,leafguard,queenlymajesty,sweetveil,grass,,72,120,98,50,98,72,510,7
764,comfey,flowerveil,triage,naturalcure,fairy,,51,52,90,82,110,100,485,7
765,oranguru,innerfocus,telepathy,symbiosis,normal,psychic,90,60,80,90,110,60,490,7
766,passimian,receiver,defiant,,fighting,,100,120,90,40,60,80,490,7
767,wimpod,wimpout,,,bug,water,25,35,40,20,30,80,230,7
768,golisopod,emergencyexit,,,bug,water,75,125,140,60,90,40,530,7
769,sandygast,watercompaction,sandveil,,ghost,ground,55,55,80,70,45,15,320,7
770,palossand,watercompaction,sandveil,,ghost,ground,85,75,110,100,75,35,480,7
771,pyukumuku,innardsout,unaware,,water,,55,60,130,30,130,5,410,7
772,type-null,battlearmor,,,normal,,95,95,95,95,95,59,534,7
773,silvally,rkssystem,,,normal,,95,95,95,95,95,95,570,7
774,minior-red-meteor,shieldsdown,,,rock,flying,60,60,100,60,100,60,440,7
775,komala,comatose,,,normal,,65,115,65,75,95,65,480,7
776,turtonator,shellarmor,,,fire,dragon,60,78,135,91,85,36,485,7
777,togedemaru,ironbarbs,lightningrod,sturdy,electric,steel,65,98,63,40,73,96,435,7
778,mimikyu-disguised,disguise,,,ghost,fairy,55,90,80,50,105,96,476,7
779,bruxish,dazzling,strongjaw,wonderskin,water,psychic,68,105,70,70,70,92,475,7
780,drampa,berserk,sapsipper,cloudnine,normal,dragon,78,60,85,135,91,36,485,7
781,dhelmise,steelworker,,,ghost,grass,70,131,100,86,90,40,517,7
782,jangmo-o,bulletproof,soundproof,overcoat,dragon,,45,55,65,45,45,45,300,7
783,hakamo-o,bulletproof,soundproof,overcoat,dragon,fighting,55,75,90,65,70,65,420,7
784,kommo-o,bulletproof,soundproof,overcoat,dragon,fighting,75,110,125,100,105,85,600,7
785,tapu-koko,electricsurge,telepathy,,electric,fairy,70,115,85,95,75,130,570,7
786,tapu-lele,psychicsurge,telepathy,,psychic,fairy,70,85,75,130,115,95,570,7
787,tapu-bulu,grassysurge,telepathy,,grass,fairy,70,130,115,85,95,75,570,7
788,tapu-fini,mistysurge,telepathy,,water,fairy,70,75,115,95,130,85,570,7
789,cosmog,unaware,,,psychic,,43,29,31,29,31,37,200,7
790,cosmoem,sturdy,,,psychic,,43,29,131,29,131,37,400,7
791,solgaleo,fullmetalbody,,,psychic,steel,137,137,107,113,89,97,680,7
792,lunala,shadowshield,,,psychic,ghost,137,113,89,137,107,97,680,7
793,nihilego,beastboost,,,rock,poison,109,53,47,127,131,103,570,7
794,buzzwole,beastboost,,,bug,fighting,107,139,139,53,53,79,570,7
795,pheromosa,beastboost,,,bug,fighting,71,137,37,137,37,151,570,7
796,xurkitree,beastboost,,,electric,,83,89,71,173,71,83,570,7
797,celesteela,beastboost,,,steel,flying,97,101,103,107,101,61,570,7
798,kartana,beastboost,,,grass,steel,59,181,131,59,31,109,570,7
799,guzzlord,beastboost,,,dark,dragon,223,101,53,97,53,43,570,7
800,necrozma,prismarmor,,,psychic,,97,107,101,127,89,79,600,7
801,magearna,soulheart,,,steel,fairy,80,95,115,130,115,65,600,7
802,marshadow,technician,,,fighting,ghost,90,125,80,90,90,125,600,7
803,poipole,beastboost,,,poison,,67,73,67,73,67,73,420,7
804,naganadel,beastboost,,,poison,dragon,73,73,73,127,73,121,540,7
805,stakataka,beastboost,,,rock,steel,61,131,211,53,101,13,570,7
806,blacephalon,beastboost,,,fire,ghost,53,127,53,151,79,107,570,7
807,zeraora,voltabsorb,,,electric,,88,112,75,102,80,143,600,7
808,meltan,magnetpull,,,steel,,46,65,65,55,35,34,300,7
809,melmetal,ironfist,,,steel,,135,143,143,80,65,34,600,7
810,grookey,overgrow,grassysurge,,grass,,50,65,50,40,40,65,310,8
811,thwackey,overgrow,grassysurge,,grass,,70,85,70,55,60,80,420,8
812,rillaboom,overgrow,grassysurge,,grass,,100,125,90,60,70,85,530,8
813,scorbunny,blaze,libero,,fire,,50,71,40,40,40,69,310,8
814,raboot,blaze,libero,,fire,,65,86,60,55,60,94,420,8
815,cinderace,blaze,libero,,fire,,80,116,75,65,75,119,530,8
816,sobble,torrent,sniper,,water,,50,40,40,70,40,70,310,8
817,drizzile,torrent,sniper,,water,,65,60,55,95,55,90,420,8
818,inteleon,torrent,sniper,,water,,70,85,65,125,65,120,530,8
819,skwovet,cheekpouch,gluttony,,normal,,70,55,55,35,35,25,275,8
820,greedent,cheekpouch,gluttony,,normal,,120,95,95,55,75,20,460,8
821,rookidee,keeneye,unnerve,bigpecks,flying,,38,47,35,33,35,57,245,8
822,corvisquire,keeneye,unnerve,bigpecks,flying,,68,67,55,43,55,77,365,8
823,corviknight,pressure,unnerve,mirrorarmor,flying,steel,98,87,105,53,85,67,495,8
824,blipbug,swarm,compoundeyes,telepathy,bug,,25,20,20,25,45,45,180,8
825,dottler,swarm,compoundeyes,telepathy,bug,psychic,50,35,80,50,90,30,335,8
826,orbeetle,swarm,frisk,telepathy,bug,psychic,60,45,110,80,120,90,505,8
827,nickit,runaway,unburden,stakeout,dark,,40,28,28,47,52,50,245,8
828,thievul,runaway,unburden,stakeout,dark,,70,58,58,87,92,90,455,8
829,gossifleur,cottondown,regenerator,effectspore,grass,,40,40,60,40,60,10,250,8
830,eldegoss,cottondown,regenerator,effectspore,grass,,60,50,90,80,120,60,460,8
831,wooloo,fluffy,runaway,bulletproof,normal,,42,40,55,40,45,48,270,8
832,dubwool,fluffy,runaway,bulletproof,normal,,72,80,100,60,90,88,490,8
833,chewtle,strongjaw,shellarmor,swiftswim,water,,50,64,50,38,38,44,284,8
834,drednaw,strongjaw,shellarmor,swiftswim,water,rock,90,115,90,48,68,74,485,8
835,yamper,ballfetch,rattled,,electric,,59,45,50,40,50,26,270,8
836,boltund,strongjaw,competitive,,electric,,69,90,60,90,60,121,490,8
837,rolycoly,steamengine,heatproof,flashfire,rock,,30,40,50,40,50,30,240,8
838,carkol,steamengine,flamebody,flashfire,rock,fire,80,60,90,60,70,50,410,8
839,coalossal,steamengine,flamebody,flashfire,rock,fire,110,80,120,80,90,30,510,8
840,applin,ripen,gluttony,bulletproof,grass,dragon,40,40,80,40,40,20,260,8
841,flapple,ripen,gluttony,hustle,grass,dragon,70,110,80,95,60,70,485,8
842,appletun,ripen,gluttony,thickfat,grass,dragon,110,85,80,100,80,30,485,8
843,silicobra,sandspit,shedskin,sandveil,ground,,52,57,75,35,50,46,315,8
844,sandaconda,sandspit,shedskin,sandveil,ground,,72,107,125,65,70,71,510,8
845,cramorant,gulpmissile,,,flying,water,70,85,55,85,95,85,475,8
846,arrokuda,swiftswim,propellertail,,water,,41,63,40,40,30,66,280,8
847,barraskewda,swiftswim,propellertail,,water,,61,123,60,60,50,136,490,8
848,toxel,rattled,static,klutz,electric,poison,40,38,35,54,35,40,242,8
849,toxtricity-amped,punkrock,plus,technician,electric,poison,75,98,70,114,70,75,502,8
850,sizzlipede,flashfire,whitesmoke,flamebody,fire,bug,50,65,45,50,50,45,305,8
851,centiskorch,flashfire,whitesmoke,flamebody,fire,bug,100,115,65,90,90,65,525,8
852,clobbopus,limber,technician,,fighting,,50,68,60,50,50,32,310,8
853,grapploct,limber,technician,,fighting,,80,118,90,70,80,42,480,8
854,sinistea,weakarmor,cursedbody,,ghost,,40,45,45,74,54,50,308,8
855,polteageist,weakarmor,cursedbody,,ghost,,60,65,65,134,114,70,508,8
856,hatenna,healer,anticipation,magicbounce,psychic,,42,30,45,56,53,39,265,8
857,hattrem,healer,anticipation,magicbounce,psychic,,57,40,65,86,73,49,370,8
858,hatterene,healer,anticipation,magicbounce,psychic,fairy,57,90,95,136,103,29,510,8
859,impidimp,prankster,frisk,pickpocket,dark,fairy,45,45,30,55,40,50,265,8
860,morgrem,prankster,frisk,pickpocket,dark,fairy,65,60,45,75,55,70,370,8
861,grimmsnarl,prankster,frisk,pickpocket,dark,fairy,95,120,65,95,75,60,510,8
862,obstagoon,reckless,guts,defiant,dark,normal,93,90,101,60,81,95,520,8
863,perrserker,battlearmor,toughclaws,steelyspirit,steel,,70,110,100,50,60,50,440,8
864,cursola,weakarmor,perishbody,,ghost,,60,95,50,145,130,30,510,8
865,sirfetchd,steadfast,scrappy,,fighting,,62,135,95,68,82,65,507,8
866,mr-rime,tangledfeet,screencleaner,icebody,ice,psychic,80,85,75,110,100,70,520,8
867,runerigus,wanderingspirit,,,ground,ghost,58,95,145,50,105,30,483,8
868,milcery,sweetveil,aromaveil,,fairy,,45,40,40,50,61,34,270,8
869,alcremie,sweetveil,aromaveil,,fairy,,65,60,75,110,121,64,495,8
870,falinks,battlearmor,defiant,,fighting,,65,100,100,70,60,75,470,8
871,pincurchin,lightningrod,electricsurge,,electric,,48,101,95,91,85,15,435,8
872,snom,shielddust,icescales,,ice,bug,30,25,35,45,30,20,185,8
873,frosmoth,shielddust,icescales,,ice,bug,70,65,60,125,90,65,475,8
874,stonjourner,powerspot,,,rock,,100,125,135,20,20,70,470,8
875,eiscue-ice,iceface,,,ice,,75,80,110,65,90,50,470,8
876,indeedee-male,innerfocus,synchronize,psychicsurge,psychic,normal,60,65,55,105,95,95,475,8
877,morpeko,hungerswitch,,,electric,dark,58,95,58,70,58,97,436,8
878,cufant,sheerforce,heavymetal,,steel,,72,80,49,40,49,40,330,8
879,copperajah,sheerforce,heavymetal,,steel,,122,130,69,80,69,30,500,8
880,dracozolt,voltabsorb,hustle,sandrush,electric,dragon,90,100,90,80,70,75,505,8
881,arctozolt,voltabsorb,static,slushrush,electric,ice,90,100,90,90,80,55,505,8
882,dracovish,waterabsorb,strongjaw,sandrush,water,dragon,90,90,100,70,80,75,505,8
883,arctovish,waterabsorb,icebody,slushrush,water,ice,90,90,100,80,90,55,505,8
884,duraludon,lightmetal,heavymetal,stalwart,steel,dragon,70,95,115,120,50,85,535,8
885,dreepy,clearbody,infiltrator,cursedbody,dragon,ghost,28,60,30,40,30,82,270,8
886,drakloak,clearbody,infiltrator,cursedbody,dragon,ghost,68,80,50,60,50,102,410,8
887,dragapult,clearbody,infiltrator,cursedbody,dragon,ghost,88,120,75,100,75,142,600,8
888,zacian-hero,intrepidsword,,,fairy,,92,130,115,80,115,138,670,8
889,zamazenta-hero,dauntlessshield,,,fighting,,92,130,115,80,115,138,670,8
890,eternatus,pressure,,,poison,dragon,140,85,95,145,95,130,690,8
891,kubfu,innerfocus,,,fighting,,60,90,60,53,50,72,385,8
892,urshifu-single-strike,unseenfist,,,fighting,dark,100,130,100,63,60,97,550,8
893,zarude,leafguard,,,dark,grass,105,120,105,70,95,105,600,8
894,regieleki,transistor,,,electric,,80,100,50,100,50,200,580,8
895,regidrago,dragonsmaw,,,dragon,,200,100,50,100,50,80,580,8
896,glastrier,chillingneigh,,,ice,,100,145,130,65,110,30,580,8
897,spectrier,grimneigh,,,ghost,,100,65,60,145,80,130,580,8
898,calyrex,unnerve,,,psychic,grass,100,80,80,80,80,80,500,8
